ff13e03bb57bf9c52645f2f942afa28b,BSD-3-Clause
5d4950ecb7b26d2c5e4e7b4e0dd74707,BSD-3-Clause
a2be13cb34e811436f5388f0a19cc0b0,Apache-2.0
972991aa9b859ea637c82bac9192a149,MIT
941ee9cd1609382f946352712a319b4b,MIT
45a47c50f5b33ff9ab3347c7db1bfb6a,MIT
489200b65f13bcbcb890a96b99a58a6f,BSD-3-Clause
bdc234595bc2fe370918f5de5077c8e9,BSD-3-Clause
34400b68072d710fecd0a2940a0d1658,Apache-2.0
0d0738f37ee8dc0b5f88a32e83c60198,MIT
73a9fd187cdcda4e3009f73e69b5b348,BSD-3-Clause
011d5eef39494cc16bc0b1848fe42759,MIT
58c9cc66b373489621bc178f9cf39564,BSD-3-Clause
71d73ee3b01fb1fe8499f3da2593ecc7,BSD-3-Clause
3b83ef96387f14655fc854ddc3c6bd57,Apache-2.0
19cbd64715b51267a47bf3750cc6a8a5,Apache-2.0
93958070863d769117fa33b129020050,MIT
7e05df0b39896d74600ef94ab46dce89,BSD-3-Clause
c06795ed54b2a35ebeeb543cd3a73e56,ISC
d2794c0df5b907fdace235a619d80314,Apache-2.0
3cafd141825e7a44b1c6a047b2320012,MIT
9740d093a080530b5c5c6573df9af45a,Apache-2.0
5f28a5a15a6bde800864f444aee95768,MIT
2ebc1c12a0f4eae5394522e31961e1de,MIT
fedf3d71a271b921fbaa2734cfbed74c,BSD-2-Clause & MIT
96ae735ca1b4dcdb6b26f4ca4b8ba645,BSD-3-Clause
8bae8b116e2cfd723492b02d9a212fe2,BSD-3-Clause
827f5a2fa861382d35a3943adf9ebb86,MIT
05779e437ec35570aca43cc66a95e056,MIT
0945febef83436030e30c73ea9980b42,MIT
09042bd5c6c96a2b9e45ddf1bc517eed,BSD-2-Clause
13cea479df204c85485b5db6eb1bc9d5,BSD-3-Clause
7b6086dcb6977f0ca57a7c47167999e7,Apache-2.0
cd19105b8dee6a326c424d3112aaedd6,Apache-2.0
38be95f95200434dc208e2ee3dab5081,BSD-3-Clause
9d210c7471ce08e3db5261f33bf8fce6,BSD-3-Clause
8e050e4860234723098ceeefa49edd05,FTL | GPL-2.0-or-later
939cce1ec101726fa754e698ac871622,BSD-3-Clause
b8b79c7d4cda128290b98c6a21f9aac6,BSD-3-Clause
e3fc50a88d0a364313df4b21ef20c29e,Apache-2.0
b1e01b26bacfc2232046c90a330332b3,Apache-2.0
4ac66f7dea41d8d116cb7fb28aeff2ab,BSD-3-Clause
175792518e4ac015ab6696d16c4f607e,Apache-2.0
b32b347fe7ed4541e05033e8b0b29001,BSD-3-Clause
88073b6dd8ec00fe09da59e0b6dfded1,BSD-3-Clause
d7411cfb2f26e47f2a7df70ac04b2c28,MIT
979723b3535ff36d7febf50b2122a37c,MIT
c30eee78985cf2584cded5f89ba3d787,BSD-3-Clause
4041895a1f717acb5be52e24edb19917,BSD-3-Clause
0a9edd7ffc0f2c020fe849875cb6810d,MIT
6b631a3123c7c679195702a8a35c9f21,MIT
ceaf33b8b657b2d342dbd3bb59578d8a,BSD-3-Clause
62cacd6ebb7e5424324f85f9c3cc81b2,MIT
4cea77626c625d583c98a85a8658f9d2,MIT
9abfa8353fce3f2cb28364e1e9016852,Apache-2.0
0b69744b481d72d30dbf69f84a451cfd,MIT
9d95d1ad917c814c23909addb8692eeb,MIT
d95a448ae964e953f0a77aeca12959be,MIT
69b0fc8968f6bb69f0abba8730fddff9,Apache-2.0
09ece85f3c312a63b522bfc6ebd44943,BSD-3-Clause
d0fd9ebda39468b51ff4539c9fbb13a8,Apache-2.0 & BSD-3-Clause & MIT
a53474f96933352d94d2a772684f1f46,MIT
42a7f8bb0a8aa77348e7e5817f10976a,MIT
2460814a2b25a7277556c2d89de915d1,BSD-3-Clause
49edd5648b6349a1af65ea5a69db2753,MIT
9ea3772c7ca56b5e8cbd5caf795588b5,MIT
5a0acdb344844a21e2df8bc2e1fe5f2d,BSD-3-Clause
591778525c869cdde0ab5a1bf283cd81,BSD-3-Clause
819e81c2ec13e1bbc47dc5e90bb4d88b,MIT
24ce168f90aec2456a73de1839037245,MIT
f509beadd5a11227c27b5d2ad6c9f2c6,MIT
b5215dfec2c591290f399a181669bef7,BSD-3-Clause
56da355a12d4821cda57b8f23ec34bc4,MIT
3f7765c3d4f58e1f84c4313cecf0f5bd,MIT
86d3f3a95c324c9479bd8986968f4327,Apache-2.0
0c241922fc69330e2e5590de114f3bf5,BSD-3-Clause
c68c4dae4cf0c4e872b09a1a2fa65e68,MIT
c68c4dae4cf0c4e872b09a1a2fa65e68,Apache-2.0
2d6fc0e85c3f118af64c85a78d56d3cf,Apache-2.0
27ef03aa2da6e424307f102e8b42621d,Apache-2.0
6fe682a02df52c6653f33bd0f7126b5a,BSD-2-Clause
452fc5cc5a9127a0e828d73423d45035,BSD-2-Clause
fa818a259cbed7ce8bc2a22d35a464fc,Apache-2.0
16f703825b70b736d741a46be315b0d9,MIT
d21d25475326cf7f1b36eef8c9789801,MIT
8dadfef729c08ec4e631c4f6fc5d43a0,MIT
515c25e1450ede2834397875c18439d4,MIT
67fac7567cbf6ba946e5576d590b1ed4,MIT
1e8b7dc8b906737639131047a590f21d,BSD-3-Clause
3d7eee8afacfccb446c1ac30289c965d,BSD-2-Clause
073f7ac93b9172ac4e1d258584fc0271,BSD-3-Clause
2ade771c7d7211af507864e8dd520529,Apache-2.0
94eaeed21686fd9816f57f86b9914071,BSD-3-Clause
261d9a987183f8d45737da7039b95b99,BSD-3-Clause
a672713a9eb730050e491c92edf7984d,BSD-3-Clause
995598bc9de2b4c987c2cb87fc24f341,MIT
34fc7a15b190be861111c7ab9124a165,MIT
54cfca7c36b2fd62ac8d94f7bd2f4330,MIT
3c82255323cf3d48815acdbf9068b715,BSD-3-Clause
52bf39fc1e426b6459f5c9a142e5bfbd,BSD-3-Clause
bf431bf303eaf01f17bef6624d9f2208,BSD-3-Clause
19cd0ecd0a6c26052aec628b72e72881,BSD-3-Clause
de8f8e025d57fe7ee0b67f30d571323b,MIT
f5b0478e4628204b0246689ad9b8fb94,MIT
628df198dc9e033b86b8eedff039ff86,BSD-3-Clause
7998cb338f82d15c0eff93b7004d272a,BSD-3-Clause
02d4002e9171d41a8fad93aa7faf3956,BSD-3-Clause
c6775875c9d604beb22447dfae3d7049,BSD-2-Clause
3c91c17266710e16afdbb2b6d15c761c,MIT & Apache-2.0
5e8153e456a82529ea845e0d511abb69,MIT
fbbaf7613c100c84b8f20701859dee2d,MIT & Apache-2.0
545d3f23616dee7495323aeb0b098df3,Apache-2.0 & BSD-3-Clause
b5d30dd5bc47d1b56b678ac06dead1c7,MIT & Apache-2.0 & BSD-3-Clause
259f3802525423b1a33efb1b85f64e18,BSD-3-Clause
c1653934903ab2785c09c2bdd7344526,Apache-2.0
bc0b6f68116166556efe7184edfda3e9,ISC
